run_index,model_fit_index,source_file,case_name,case_group,dataset_role,is_confirmation,rows,rmse_cl,rmse_cd,mae_cl,mae_cd,mean_error_cl,mean_error_cd,cl_true_min,cl_true_max,cl_pred_min,cl_pred_max,cd_true_min,cd_true_max,cd_pred_min,cd_pred_max
4,11,T4_OUTPUT.out,T4,T,confirmation,True,7500,0.2256200802206859,0.022525284226215136,0.21564599139160004,0.017259733110884575,0.02575818186758757,-0.014766432732557542,0.7341165,1.0614765,0.5055147278148748,1.3461886941336862,0.02778103,0.05339512,0.018291501234717015,0.0960091058332599
4,11,T5_OUTPUT.out,T5,T,confirmation,True,7500,0.2228403326837038,0.0211665286981657,0.2089692094772254,0.015506079949561987,0.03638413703433542,-0.011679751578505267,0.7257796,1.1027307,0.46586143371074246,1.4502502356286677,0.02493862,0.05486703,0.018191282685268623,0.111547537539134
